Cycle start time,Cycle end time,Cycle timezone,Recovery score %,Resting heart rate (bpm),Heart rate variability (ms),Skin temp (celsius),Blood oxygen %,Day Strain,Energy burned (cal),Max HR (bpm),Average HR (bpm),Sleep onset,Wake onset,Sleep performance %,Respiratory rate (rpm),Asleep duration (min),In bed duration (min),Light sleep duration (min),Deep (SWS) duration (min),REM duration (min),Awake duration (min),Sleep need (min),Sleep debt (min),Sleep efficiency %,Sleep consistency %
2025-04-08 23:30:00,,UTC-04:00,77,46,133,32.64,97.43,,,,,2025-04-08 23:30:00,2025-04-09 07:10:57,81,15.8,405,460,196,93,116,55,498,24,88,70
2025-04-07 23:14:55,2025-04-08 23:30:00,UTC-04:00,76,47,125,33.19,97.35,6.7,2038,152,61,2025-04-07 23:14:55,2025-04-08 07:29:31,90,15.8,445,493,235,96,114,48,493,18,90,57
2025-04-06 23:09:05,2025-04-07 23:14:55,UTC-04:00,97,45,165,33.20,98.09,7.4,2044,143,61,2025-04-06 23:09:05,2025-04-07 07:44:24,94,16.1,442,508,192,87,163,66,470,0,87,41
2025-04-06 00:00:00,2025-04-06 23:09:05,UTC-04:00,,,,,,3.0,529,126,50,,,,,,,,,,,,,,
2025-04-04 23:35:33,2025-04-06 00:00:00,UTC-04:00,56,52,93,33.50,96.79,6.2,2060,143,55,2025-04-04 23:35:33,2025-04-05 10:52:19,100,16.1,619,674,386,89,144,55,504,33,91,58
2025-04-04 00:00:00,2025-04-04 23:35:33,UTC-04:00,,,,,,3.9,371,117,57,,,,,,,,,,,,,,
2025-04-02 22:58:51,2025-04-04 00:00:00,UTC-04:00,79,50,123,32.88,98.40,11.3,2580,165,63,2025-04-02 22:58:51,2025-04-03 07:29:18,90,16.3,470,510,300,57,113,40,522,42,92,65
2025-04-01 22:55:49,2025-04-02 22:58:51,UTC-04:00,74,48,121,33.09,97.79,9.7,2222,153,65,2025-04-01 22:55:49,2025-04-02 07:29:40,84,16.1,453,506,247,89,117,53,537,53,89,44
2025-03-31 23:21:10,2025-04-01 22:55:49,UTC-04:00,79,48,127,33.30,96.86,10.8,2257,159,66,2025-03-31 23:21:10,2025-04-01 07:30:00,80,16.4,419,485,235,82,102,66,527,32,86,30
2025-03-31 00:39:15,2025-03-31 23:21:10,UTC-04:00,,,,,,13.2,2174,164,78,,,,,,,,,,,,,,
2025-03-30 00:39:15,2025-03-31 00:39:15,UTC-04:00,,,,,,6.8,971,168,82,,,,,,,,,,,,,,
2025-03-29 00:39:15,2025-03-30 00:39:15,UTC-04:00,47,49,96,32.70,97.83,4.2,857,113,76,2025-03-29 00:39:15,2025-03-29 08:34:37,87,16.4,436,463,207,90,139,27,500,26,94,59
2025-03-28 02:22:27,2025-03-29 00:39:15,UTC-04:00,31,57,79,33.90,97.69,6.2,1833,137,70,2025-03-28 02:22:27,2025-03-28 10:22:09,89,15.9,437,473,217,92,128,36,491,5,92,43
2025-03-26 22:43:16,2025-03-28 02:22:27,UTC-04:00,65,51,109,33.40,97.09,11.4,2615,162,70,2025-03-26 22:43:16,2025-03-27 07:18:03,98,16.3,477,509,233,83,161,32,485,11,93,67
2025-03-25 22:51:11,2025-03-26 22:43:16,UTC-04:00,64,51,111,33.70,97.63,6.7,1972,159,66,2025-03-25 22:51:11,2025-03-26 09:04:01,97,16.3,508,612,293,63,152,104,526,41,83,74
2025-03-24 23:55:51,2025-03-25 22:51:11,UTC-04:00,82,54,129,34.10,98.00,11.1,2244,162,69,2025-03-24 23:55:51,2025-03-25 07:29:35,83,16.0,416,451,230,103,83,35,499,18,92,65
2025-03-23 23:08:50,2025-03-24 23:55:51,UTC-04:00,64,56,105,32.90,96.77,9.8,2319,152,69,2025-03-23 23:08:50,2025-03-24 07:29:44,94,15.7,442,500,270,52,120,54,471,0,89,58
2025-03-23 00:00:00,2025-03-23 23:08:50,UTC-04:00,,,,,,2.6,63,117,69,,,,,,,,,,,,,,
2025-03-21 22:21:24,2025-03-23 00:00:00,UTC-04:00,77,54,120,33.40,96.90,12.7,2404,158,70,2025-03-21 22:21:24,2025-03-22 07:59:38,100,16.3,525,573,337,71,117,48,526,50,91,82
2025-03-20 23:26:45,2025-03-21 22:21:24,UTC-04:00,40,53,88,32.80,96.92,7.5,1946,147,67,2025-03-20 23:26:45,2025-03-21 07:29:49,81,16.1,422,480,229,83,110,58,524,48,88,87
2025-03-19 23:23:48,2025-03-20 23:26:45,UTC-04:00,39,51,87,33.00,97.75,7.7,2064,166,67,2025-03-19 23:23:48,2025-03-20 07:34:33,86,15.5,455,486,199,89,167,31,530,46,93,75
2025-03-18 22:51:30,2025-03-19 23:23:48,UTC-04:00,95,49,144,33.01,97.25,11.0,2351,156,67,2025-03-18 22:51:30,2025-03-19 06:52:39,83,15.7,439,481,229,87,123,42,531,55,91,66
2025-03-17 23:04:48,2025-03-18 22:51:30,UTC-04:00,55,54,102,33.01,97.40,8.1,2054,143,67,2025-03-17 23:04:48,2025-03-18 07:29:29,79,16.2,409,504,230,70,109,95,519,36,81,58
2025-03-16 23:16:56,2025-03-17 23:04:48,UTC-04:00,58,52,107,32.87,97.75,10.7,2271,150,70,2025-03-16 23:16:56,2025-03-17 06:50:12,88,16.5,418,449,262,60,96,31,474,0,93,51
2025-03-16 01:12:51,2025-03-16 23:16:56,UTC-04:00,72,53,120,33.00,96.77,7.0,1849,139,65,2025-03-16 01:12:51,2025-03-16 12:07:03,100,16.5,570,648,362,65,143,78,498,23,87,47
2025-03-15 00:21:29,2025-03-16 01:12:51,UTC-04:00,45,55,90,33.00,96.91,7.6,2098,144,69,2025-03-15 00:21:29,2025-03-15 10:09:20,93,16.1,512,578,287,81,144,66,548,47,88,58
2025-03-13 23:12:32,2025-03-15 00:21:29,UTC-04:00,61,56,112,33.29,97.20,14.3,2820,168,76,2025-03-13 23:12:32,2025-03-14 07:30:02,86,16.6,459,497,288,65,106,38,533,58,92,88
2025-03-12 22:57:51,2025-03-13 23:12:32,UTC-04:00,63,52,112,33.29,97.63,7.6,2063,143,69,2025-03-12 22:57:51,2025-03-13 07:29:46,84,16.3,460,502,272,83,105,42,550,65,91,82
2025-03-11 22:34:21,2025-03-12 22:57:51,UTC-04:00,74,53,128,33.70,97.50,11.1,2308,163,73,2025-03-11 22:34:21,2025-03-12 07:14:25,81,16.2,442,518,308,65,69,76,544,71,85,66
2025-03-11 00:11:43,2025-03-11 22:34:21,UTC-04:00,84,52,153,33.80,96.50,5.3,1804,146,64,2025-03-11 00:11:43,2025-03-11 08:14:46,74,14.1,401,481,273,57,71,80,544,63,83,70
2025-03-10 00:07:45,2025-03-11 00:11:43,UTC-04:00,32,69,68,33.28,95.75,10.0,2237,150,71,2025-03-10 00:07:45,2025-03-10 07:59:46,77,16.0,429,471,254,46,129,42,556,51,91,53
2025-03-09 00:00:00,2025-03-09 23:07:45,UTC-05:00,,,,,,14.9,1763,152,116,,,,,,,,,,,,,,
2025-03-06 22:56:07,2025-03-07 22:56:07,UTC-05:00,67,50,116,33.46,96.90,7.7,2041,164,70,2025-03-06 22:56:07,2025-03-07 07:30:02,81,15.9,442,513,262,92,88,71,544,66,86,93
2025-03-05 22:45:02,2025-03-06 22:56:07,UTC-05:00,38,56,92,33.21,96.21,9.0,2150,160,67,2025-03-05 22:45:02,2025-03-06 07:29:46,81,16.2,447,524,276,71,100,77,550,70,87,87
2025-03-04 23:58:06,2025-03-05 22:45:02,UTC-05:00,87,53,142,33.19,97.67,9.4,2097,156,69,2025-03-04 23:58:06,2025-03-05 07:29:55,73,16.2,388,444,240,70,78,56,529,42,87,84
2025-03-03 23:01:55,2025-03-04 23:58:06,UTC-05:00,58,52,109,33.08,95.70,11.7,2404,164,70,2025-03-03 23:01:55,2025-03-04 07:29:58,87,16.1,458,507,282,75,101,49,524,36,90,86
2025-03-02 23:04:28,2025-03-03 23:01:55,UTC-05:00,95,49,148,33.20,97.60,11.7,2363,145,71,2025-03-02 23:04:28,2025-03-03 07:29:38,89,15.8,445,505,267,78,100,60,502,23,88,88
2025-03-01 23:51:12,2025-03-02 23:04:28,UTC-05:00,52,52,102,33.50,96.89,9.2,2095,147,68,2025-03-01 23:51:12,2025-03-02 08:29:50,93,15.7,473,517,267,72,134,44,508,14,91,87
2025-02-28 22:52:44,2025-03-01 23:51:12,UTC-05:00,77,49,126,33.30,98.13,13.2,2628,166,71,2025-02-28 22:52:44,2025-03-01 08:30:00,96,15.9,536,574,329,80,127,38,558,74,93,83
2025-02-27 23:39:17,2025-02-28 22:52:44,UTC-05:00,40,54,86,33.30,98.00,10.6,2221,141,69,2025-02-27 23:39:17,2025-02-28 07:59:39,79,16.3,444,497,267,67,110,53,561,70,89,85
2025-02-26 23:25:44,2025-02-27 23:39:17,UTC-05:00,91,52,144,33.10,96.00,12.3,2441,167,71,2025-02-26 23:25:44,2025-02-27 07:30:52,76,16.2,435,485,307,67,61,50,577,100,89,74
2025-02-25 23:29:46,2025-02-26 23:25:44,UTC-05:00,64,52,116,33.60,96.88,8.2,2083,160,67,2025-02-25 23:29:46,2025-02-26 07:29:56,64,16.6,364,480,195,95,74,116,564,88,78,59
2025-02-24 23:07:27,2025-02-25 23:29:46,UTC-05:00,58,56,107,33.50,95.71,7.8,2065,140,69,2025-02-24 23:07:27,2025-02-25 07:28:47,71,16.5,430,501,244,79,107,71,607,113,85,45
2025-02-24 00:01:31,2025-02-24 23:07:27,UTC-05:00,71,51,125,33.26,97.88,13.0,2490,162,73,2025-02-24 00:01:31,2025-02-24 07:29:58,61,15.9,358,448,192,71,95,90,586,114,79,23
2025-02-23 14:36:45,2025-02-24 00:01:31,UTC-05:00,1,68,49,34.56,96.27,4.3,756,141,66,2025-02-23 14:36:45,2025-02-23 19:01:36,52,16.6,251,263,128,54,69,12,480,0,95,7
2025-02-21 23:01:25,2025-02-23 14:36:45,UTC-05:00,57,54,106,33.13,96.93,9.5,2509,144,83,2025-02-21 23:01:25,2025-02-22 10:21:04,100,15.8,589,676,415,72,102,87,508,32,87,67
2025-02-20 23:12:31,2025-02-21 23:01:25,UTC-05:00,50,54,100,33.93,97.06,8.0,2054,147,68,2025-02-20 23:12:31,2025-02-21 07:30:00,88,15.7,459,497,267,79,113,38,523,21,92,96
2025-02-19 23:04:25,2025-02-20 23:12:31,UTC-05:00,51,52,99,33.71,97.12,14.3,2793,163,73,2025-02-19 23:04:25,2025-02-20 07:29:35,91,15.3,454,505,283,82,89,51,497,15,90,85
2025-02-18 22:49:50,2025-02-19 23:04:25,UTC-05:00,62,52,111,33.22,97.15,10.2,2226,182,66,2025-02-18 22:49:50,2025-02-19 07:29:55,94,16.2,473,520,296,92,85,47,504,16,91,74
2025-02-17 22:51:44,2025-02-18 22:49:50,UTC-05:00,69,53,111,33.60,96.25,11.7,2388,165,70,2025-02-17 22:51:44,2025-02-18 07:29:54,94,16.2,480,518,360,60,60,38,514,4,93,59
2025-02-16 22:50:40,2025-02-17 22:51:44,UTC-05:00,98,48,145,33.30,96.54,15.5,2971,169,72,2025-02-16 22:50:40,2025-02-17 07:29:18,99,16.0,476,518,289,91,96,42,483,0,91,45
2025-02-16 00:00:00,2025-02-16 22:50:40,UTC-05:00,,,,,,10.6,1617,201,87,,,,,,,,,,,,,,
2025-02-14 22:43:56,2025-02-16 00:00:00,UTC-05:00,61,51,109,33.26,96.20,5.4,1586,161,77,2025-02-14 22:43:56,2025-02-15 09:19:50,100,15.4,595,635,419,79,97,40,536,58,94,70
2025-02-14 01:01:18,2025-02-14 22:43:56,UTC-05:00,43,56,96,33.20,98.38,9.0,1977,146,69,2025-02-14 01:01:18,2025-02-14 08:19:11,77,15.7,390,437,257,71,62,47,506,0,89,59
2025-02-13 00:11:16,2025-02-14 01:01:18,UTC-05:00,94,49,147,32.70,97.00,15.0,2928,167,74,2025-02-13 00:11:16,2025-02-13 10:06:48,100,15.7,548,595,294,101,153,47,494,21,92,59
2025-02-11 22:50:42,2025-02-13 00:11:16,UTC-05:00,81,52,126,33.20,96.39,6.1,2059,143,67,2025-02-11 22:50:42,2025-02-12 07:30:18,92,15.5,464,519,344,48,72,55,507,3,90,82
2025-02-10 22:34:38,2025-02-11 22:50:42,UTC-05:00,97,48,140,33.30,95.75,14.6,2818,167,71,2025-02-10 22:34:38,2025-02-11 07:29:37,99,15.7,482,534,300,85,97,52,488,14,90,75
2025-02-09 23:22:35,2025-02-10 22:34:38,UTC-05:00,39,54,81,32.90,96.63,6.4,1906,160,67,2025-02-09 23:22:35,2025-02-10 07:29:58,94,15.8,450,487,416,24,10,37,479,0,92,59
2025-02-08 23:29:34,2025-02-09 23:22:35,UTC-05:00,63,54,105,33.42,96.82,9.4,2130,164,68,2025-02-08 23:29:34,2025-02-09 10:55:28,100,15.5,644,685,464,56,124,41,493,16,93,56
2025-02-07 23:08:34,2025-02-08 23:29:34,UTC-05:00,85,50,117,33.08,96.92,7.9,2065,139,69,2025-02-07 23:08:34,2025-02-08 07:29:54,93,15.9,467,501,377,46,44,34,500,14,93,92
2025-02-06 22:42:48,2025-02-07 23:08:34,UTC-05:00,66,50,93,33.30,96.93,11.3,2354,147,70,2025-02-06 22:42:48,2025-02-07 07:14:16,95,15.8,472,511,285,92,95,39,495,20,92,95
2025-02-05 22:40:12,2025-02-06 22:42:48,UTC-05:00,97,46,130,33.21,96.71,6.9,2006,155,64,2025-02-05 22:40:12,2025-02-06 07:30:24,94,16.0,467,530,308,78,81,63,498,24,89,93
2025-02-04 22:36:22,2025-02-05 22:40:12,UTC-05:00,94,52,117,33.40,96.07,6.0,1993,155,66,2025-02-04 22:36:22,2025-02-05 07:34:09,92,16.2,473,518,290,71,112,45,512,32,91,89
2025-02-03 22:43:03,2025-02-04 22:36:22,UTC-05:00,89,51,110,33.01,95.55,9.1,2155,156,68,2025-02-03 22:43:03,2025-02-04 07:18:42,87,16.0,442,512,309,51,82,70,508,11,86,85
2025-02-02 23:15:32,2025-02-03 22:43:03,UTC-05:00,80,52,98,33.70,96.76,13.5,2553,154,73,2025-02-02 23:15:32,2025-02-03 07:34:50,95,16.2,468,499,314,73,81,31,491,0,93,
2025-02-01 22:52:58,2025-02-02 23:15:32,UTC-05:00,71,56,81,33.30,95.27,12.5,2473,154,72,2025-02-01 22:52:58,2025-02-02 08:50:28,100,16.1,572,597,514,32,26,25,513,0,95,
2025-02-01 00:00:00,2025-02-01 22:52:58,UTC-05:00,,,,,,7.9,870,146,77,,,,,,,,,,,,,,
2024-11-06 00:00:00,2024-11-07 00:00:00,UTC-05:00,,,,,,,,,,,,,,,,,,,,,,,
2024-11-05 00:00:00,2024-11-06 00:00:00,UTC-05:00,,,,,,,,,,,,,,,,,,,,,,,
2024-10-24 00:00:00,2024-10-25 00:00:00,UTC-04:00,,,,,,,,,,,,,,,,,,,,,,,
2024-10-01 00:00:00,2024-10-02 00:00:00,UTC-04:00,,,,,,,,,,,,,,,,,,,,,,,
2024-09-12 00:00:00,2024-09-13 00:00:00,UTC-04:00,,,,,,,,,,,,,,,,,,,,,,,
2024-09-11 00:00:00,2024-09-12 00:00:00,UTC-04:00,,,,,,,,,,,,,,,,,,,,,,,
2024-08-25 00:00:00,2024-08-26 00:00:00,UTC-05:00,,,,,,,,,,,,,,,,,,,,,,,
2024-08-24 00:00:00,2024-08-25 00:00:00,UTC-05:00,,,,,,,,,,,,,,,,,,,,,,,
2024-08-18 00:00:00,2024-08-19 00:00:00,UTC-05:00,,,,,,,,,,,,,,,,,,,,,,,
2024-08-14 00:00:00,2024-08-15 00:00:00,UTC-05:00,,,,,,,,,,,,,,,,,,,,,,,
2024-08-05 00:00:00,2024-08-06 00:00:00,UTC-05:00,,,,,,,,,,,,,,,,,,,,,,,
2024-08-03 00:00:00,2024-08-04 16:08:07,UTC-05:00,,,,,,,,,,,,,,,,,,,,,,,
2024-07-25 00:00:00,2024-07-26 00:00:00,UTC-05:00,,,,,,,,,,,,,,,,,,,,,,,
2024-07-22 00:00:00,2024-07-23 00:00:00,UTC-05:00,,,,,,,,,,,,,,,,,,,,,,,
2024-07-21 00:00:00,2024-07-22 00:00:00,UTC-05:00,,,,,,,,,,,,,,,,,,,,,,,
2024-07-18 00:00:00,2024-07-19 00:00:00,UTC-05:00,,,,,,,,,,,,,,,,,,,,,,,
2024-07-17 00:00:00,2024-07-18 00:00:00,UTC-05:00,,,,,,,,,,,,,,,,,,,,,,,
2024-06-22 00:00:00,2024-06-23 16:00:37,UTC-05:00,,,,,,,,,,,,,,,,,,,,,,,
2024-06-19 00:00:00,2024-06-20 00:00:00,UTC-05:00,,,,,,,,,,,,,,,,,,,,,,,
2024-06-18 00:00:00,2024-06-19 00:00:00,UTC-05:00,,,,,,,,,,,,,,,,,,,,,,,
2024-06-10 00:00:00,2024-06-11 00:00:00,UTC-05:00,,,,,,,,,,,,,,,,,,,,,,,
2024-06-09 00:00:00,2024-06-10 00:00:00,UTC-05:00,,,,,,,,,,,,,,,,,,,,,,,
2024-06-08 00:00:00,2024-06-09 00:00:00,UTC-05:00,,,,,,,,,,,,,,,,,,,,,,,
2024-06-06 00:00:00,2024-06-07 00:00:00,UTC-05:00,,,,,,,,,,,,,,,,,,,,,,,
2024-05-14 00:00:00,2024-05-15 00:00:00,UTC-05:00,,,,,,,,,,,,,,,,,,,,,,,
2024-05-12 00:00:00,2024-05-13 00:00:00,UTC-05:00,,,,,,,,,,,,,,,,,,,,,,,
2024-05-09 00:00:00,2024-05-10 00:00:00,UTC-05:00,,,,,,,,,,,,,,,,,,,,,,,
2024-05-08 00:00:00,2024-05-09 00:00:00,UTC-05:00,,,,,,,,,,,,,,,,,,,,,,,
2024-05-06 00:00:00,2024-05-07 00:00:00,UTC-05:00,,,,,,,,,,,,,,,,,,,,,,,
2024-05-04 00:00:00,2024-05-05 00:00:00,UTC-05:00,,,,,,,,,,,,,,,,,,,,,,,
2024-05-02 00:00:00,2024-05-03 09:00:35,UTC-05:00,,,,,,,,,,,,,,,,,,,,,,,
2024-04-23 00:00:00,2024-04-24 00:00:00,UTC-05:00,,,,,,,,,,,,,,,,,,,,,,,
2024-04-15 00:00:00,2024-04-16 00:00:00,UTC-05:00,,,,,,,,,,,,,,,,,,,,,,,
2024-04-13 00:00:00,2024-04-14 00:00:00,UTC-05:00,,,,,,,,,,,,,,,,,,,,,,,
2024-04-10 00:00:00,2024-04-11 00:00:00,UTC-05:00,,,,,,,,,,,,,,,,,,,,,,,
2024-04-09 00:00:00,2024-04-10 00:00:00,UTC-05:00,,,,,,,,,,,,,,,,,,,,,,,
2024-04-03 23:42:40,2024-04-04 20:24:17,UTC-05:00,65,54,91,33.08,94.50,4.0,1318,113,60,2024-04-03 23:42:40,2024-04-04 08:32:51,83,15.1,460,530,264,99,97,70,552,78,86,52
2024-04-02 20:24:17,2024-04-03 23:42:40,UTC-05:00,,,,,,4.4,660,123,67,,,,,,,,,,,,,,
2024-04-01 20:24:17,2024-04-02 20:24:17,UTC-05:00,38,60,77,34.80,89.67,4.1,1137,122,62,2024-04-01 20:24:17,2024-04-02 05:38:47,73,16.1,414,554,233,60,121,140,570,66,74,36
2024-04-01 00:55:22,2024-04-01 20:24:17,UTC-05:00,65,54,88,33.48,96.20,14.4,2502,153,77,2024-04-01 00:55:22,2024-04-01 07:31:25,73,15.4,352,394,194,64,94,42,485,0,89,
2024-03-31 00:36:06,2024-04-01 00:55:22,UTC-05:00,98,49,129,33.10,96.00,10.7,2315,154,69,2024-03-31 00:36:06,2024-03-31 10:23:27,100,15.8,501,587,217,109,175,86,473,0,85,
2024-03-30 00:00:00,2024-03-31 00:36:06,UTC-05:00,,,,,,4.1,471,108,65,,,,,,,,,,,,,,
2024-03-17 01:05:57,2024-03-18 01:05:57,UTC-05:00,60,54,76,32.99,96.32,12.5,2940,161,67,2024-03-17 01:05:57,2024-03-17 11:57:14,100,15.8,567,651,314,123,130,84,486,12,87,65
2024-03-16 02:38:58,2024-03-17 01:05:57,UTC-05:00,62,50,82,33.80,95.96,4.2,1104,121,56,2024-03-16 02:38:58,2024-03-16 11:35:51,96,15.9,493,536,230,116,147,43,512,36,91,49
2024-03-15 00:20:58,2024-03-16 02:38:58,UTC-05:00,81,48,96,32.50,95.55,5.7,2141,133,63,2024-03-15 00:20:58,2024-03-15 09:41:53,89,15.3,477,560,266,91,120,83,534,49,85,47
2024-03-13 23:53:05,2024-03-15 00:20:58,UTC-05:00,79,50,92,33.40,97.25,10.3,2239,160,64,2024-03-13 23:53:05,2024-03-14 07:04:13,79,15.9,383,431,228,98,57,48,483,3,89,33
2024-03-12 01:47:56,2024-03-13 23:53:05,UTC-05:00,91,48,108,33.35,96.75,8.4,1842,145,63,2024-03-12 01:47:56,2024-03-12 11:25:12,99,16.1,534,577,291,110,133,43,540,61,92,61
2024-03-10 23:13:05,2024-03-12 01:47:56,UTC-05:00,80,51,96,33.17,96.40,7.7,2274,149,60,2024-03-10 23:13:05,2024-03-11 08:47:56,79,16.2,454,574,307,94,53,120,577,83,79,47
2024-03-10 03:22:26,2024-03-10 23:13:05,UTC-05:00,3,75,22,33.44,97.25,12.7,2205,153,80,2024-03-10 03:22:26,2024-03-10 11:21:44,70,16.2,389,479,232,85,72,90,556,41,81,45
2024-03-09 00:12:48,2024-03-10 02:22:26,UTC-06:00,71,51,82,33.30,97.29,16.0,3364,154,75,2024-03-09 00:12:48,2024-03-09 08:07:40,84,15.8,438,471,260,97,81,33,521,46,93,69
2024-03-07 23:13:10,2024-03-09 00:12:48,UTC-06:00,67,53,80,33.10,96.38,5.3,1759,150,61,2024-03-07 23:13:10,2024-03-08 07:15:16,82,16.1,417,481,225,90,102,64,510,23,87,55
2024-03-07 00:00:00,2024-03-07 23:13:10,UTC-06:00,,,,,,10.7,1463,159,80,,,,,,,,,,,,,,
2024-03-05 22:18:56,2024-03-07 00:00:00,UTC-06:00,58,53,72,33.50,95.00,4.0,671,112,75,2024-03-05 22:18:56,2024-03-06 06:43:50,92,16.4,440,504,247,91,102,64,477,1,87,37
2024-03-04 23:37:06,2024-03-05 22:18:56,UTC-06:00,84,50,91,33.37,96.63,5.9,1667,142,60,2024-03-04 23:37:06,2024-03-05 10:15:55,100,15.7,539,638,296,133,110,99,541,68,84,33
2024-03-03 02:01:26,2024-03-04 23:37:06,UTC-06:00,74,50,87,34.20,94.79,3.3,1152,106,56,2024-03-03 02:01:26,2024-03-03 10:30:15,74,16.0,390,508,170,93,127,66,526,52,76,
2024-03-02 00:00:00,2024-03-03 02:01:26,UTC-06:00,,,,,,4.6,922,113,65,,,,,,,,,,,,,,
2024-02-26 02:30:17,2024-02-27 02:30:17,UTC-06:00,80,53,88,33.10,93.67,2.6,707,101,61,2024-02-26 02:30:17,2024-02-26 10:18:26,79,16.0,399,464,313,31,55,65,504,0,86,63
2024-02-25 01:13:35,2024-02-26 02:30:17,UTC-06:00,73,52,81,32.80,95.38,14.4,2924,155,69,2024-02-25 01:13:35,2024-02-25 10:58:53,100,16.0,516,585,333,84,99,69,487,12,88,54
2024-02-24 00:00:00,2024-02-25 01:13:35,UTC-06:00,,,,,,4.8,487,122,78,,,,,,,,,,,,,,
2024-02-22 23:04:41,2024-02-24 00:00:00,UTC-06:00,85,46,95,33.10,96.80,8.1,1751,142,71,2024-02-22 23:04:41,2024-02-23 09:33:23,96,15.8,526,628,217,129,180,102,545,70,83,73
2024-02-21 23:02:45,2024-02-22 23:04:41,UTC-06:00,64,48,84,33.23,96.64,5.5,1542,124,65,2024-02-21 23:02:45,2024-02-22 08:13:35,80,15.8,448,550,246,95,107,102,557,80,81,67
2024-02-20 22:56:36,2024-02-21 23:02:45,UTC-06:00,79,52,95,33.00,96.50,7.0,2066,128,61,2024-02-20 22:56:36,2024-02-21 07:28:49,73,16.1,444,498,256,90,98,54,605,127,89,53
2024-02-20 00:58:58,2024-02-20 22:56:36,UTC-06:00,58,45,85,32.70,96.07,7.4,1902,132,61,2024-02-20 00:58:58,2024-02-20 07:15:19,53,15.9,310,376,177,72,61,66,580,102,82,52
2024-02-19 00:03:18,2024-02-20 00:58:58,UTC-06:00,89,48,101,33.72,96.75,7.6,2158,142,61,2024-02-19 00:03:18,2024-02-19 07:12:02,63,16.5,349,423,255,60,34,74,554,67,82,35
2024-02-17 04:15:31,2024-02-19 00:03:18,UTC-06:00,17,68,47,33.70,93.79,11.0,1868,157,86,2024-02-17 04:15:31,2024-02-17 11:58:52,75,16.3,401,463,295,64,42,62,536,41,86,23
2024-02-15 23:51:11,2024-02-17 04:15:31,UTC-06:00,61,49,85,33.40,98.17,12.7,2852,156,71,2024-02-15 23:51:11,2024-02-16 07:06:41,83,15.8,394,433,249,90,55,39,477,0,91,63
2024-02-15 01:06:26,2024-02-15 23:51:11,UTC-06:00,98,47,109,33.30,96.57,6.9,1936,152,63,2024-02-15 01:06:26,2024-02-15 08:18:03,100,16.0,377,431,276,56,45,54,346,54,87,42
2024-02-13 23:57:05,2024-02-15 01:06:26,UTC-06:00,76,49,89,33.30,96.86,5.0,2024,125,56,2024-02-13 23:57:05,2024-02-14 08:53:58,84,16.1,439,536,246,91,102,97,523,46,81,64
2024-02-12 23:02:01,2024-02-13 23:57:05,UTC-06:00,95,47,96,33.40,97.86,7.3,1848,151,58,2024-02-12 23:02:01,2024-02-13 08:58:30,87,15.8,493,590,157,129,207,97,565,86,83,46
2024-02-12 01:13:37,2024-02-12 23:02:01,UTC-06:00,81,49,87,32.87,97.60,7.8,1867,150,67,2024-02-12 01:13:37,2024-02-12 07:11:13,63,16.4,301,357,156,86,59,56,474,0,84,40
2024-02-11 00:55:17,2024-02-12 01:13:37,UTC-06:00,97,48,92,33.05,96.77,4.7,1576,147,57,2024-02-11 00:55:17,2024-02-11 12:42:21,100,16.1,595,705,346,129,120,110,427,42,84,30
2024-02-10 02:12:45,2024-02-11 00:55:17,UTC-06:00,78,52,81,33.90,98.19,4.3,1804,117,60,2024-02-10 02:12:45,2024-02-10 09:44:05,86,16.1,410,451,202,81,127,41,475,0,91,41
2024-02-08 23:39:01,2024-02-10 02:12:45,UTC-06:00,98,48,93,32.90,97.67,5.9,1745,136,66,2024-02-08 23:39:01,2024-02-09 07:51:41,100,16.0,449,480,295,83,71,31,410,87,93,
2024-02-08 00:09:15,2024-02-08 23:39:01,UTC-06:00,86,49,86,33.20,97.89,4.8,1783,131,68,2024-02-08 00:09:15,2024-02-08 07:14:39,67,16.6,363,425,166,87,110,62,539,66,85,
2024-02-07 12:09:15,2024-02-08 00:09:15,UTC-06:00,,,,,,0.0,13,72,48,,,,,,,,,,,,,,
2024-02-04 00:00:00,2024-02-05 00:00:00,UTC-06:00,,,,,,,,,,,,,,,,,,,,,,,
2024-02-01 22:44:23,2024-02-02 22:44:23,UTC-06:00,95,47,94,33.20,96.67,2.7,1056,102,54,2024-02-01 22:44:23,2024-02-02 08:00:22,81,16.4,451,555,304,70,77,104,554,81,81,61
2024-01-31 22:56:18,2024-02-01 22:44:23,UTC-06:00,92,48,88,33.60,95.38,2.7,1451,102,59,2024-01-31 22:56:18,2024-02-01 06:50:51,69,16.6,367,474,226,70,71,75,530,56,79,50
2024-01-31 01:06:53,2024-01-31 22:56:18,UTC-06:00,83,50,80,32.90,98.67,3.6,796,120,60,2024-01-31 01:06:53,2024-01-31 07:38:08,79,16.8,325,391,167,81,77,66,413,94,83,39
2024-01-30 00:33:20,2024-01-31 01:06:53,UTC-06:00,38,53,65,33.10,97.67,4.3,1650,122,64,2024-01-30 00:33:20,2024-01-30 08:03:46,66,16.8,358,450,269,65,24,92,546,72,79,50
2024-01-29 00:43:11,2024-01-30 00:33:20,UTC-06:00,76,51,78,33.20,97.60,3.9,1242,111,67,2024-01-29 00:43:11,2024-01-29 07:32:13,70,16.8,329,409,222,70,37,80,474,0,80,20
2024-01-28 01:24:49,2024-01-29 00:43:11,UTC-06:00,82,55,79,33.46,96.67,4.1,1752,119,59,2024-01-28 01:24:49,2024-01-28 14:45:54,100,16.8,653,801,409,133,111,148,600,127,81,
2024-01-27 00:30:14,2024-01-28 01:24:49,UTC-06:00,,,,,,0.1,188,100,61,,,,,,,,,,,,,,
2024-01-26 02:39:03,2024-01-27 00:30:14,UTC-06:00,44,53,69,33.10,96.83,0.1,452,98,60,2024-01-26 02:39:03,2024-01-26 08:04:58,50,16.9,279,323,216,50,13,44,560,87,86,58
2024-01-25 00:30:14,2024-01-26 02:39:03,UTC-06:00,63,53,71,33.10,96.11,0.4,1207,103,61,2024-01-25 00:30:14,2024-01-25 07:04:22,65,16.8,322,394,115,74,133,72,497,23,81,47
2024-01-24 00:00:00,2024-01-25 00:30:14,UTC-06:00,,,,,,4.2,344,126,81,,,,,,,,,,,,,,
2024-01-22 20:02:35,2024-01-24 00:00:00,UTC-06:00,88,53,84,33.44,96.73,4.3,1289,119,72,2024-01-22 20:02:35,2024-01-23 07:47:36,94,16.9,568,705,342,90,136,137,604,127,80,
2024-01-22 02:13:54,2024-01-22 20:02:35,UTC-06:00,35,54,71,33.22,97.33,6.8,1248,160,70,2024-01-22 02:13:54,2024-01-22 07:30:39,45,17.1,272,316,227,28,17,44,600,127,86,
2024-01-20 18:14:06,2024-01-22 02:13:54,UTC-06:00,,,,,,0.1,263,104,66,,,,,,,,,,,,,,
2024-01-18 19:15:57,2024-01-19 19:15:57,UTC-06:00,,,,,,,,,,,,,,,,,,,,,,,
2024-01-17 00:00:00,2024-01-18 00:00:00,UTC-06:00,,,,,,,,,,,,,,,,,,,,,,,
2024-01-12 07:02:00,2024-01-13 02:19:54,UTC-05:00,12,60,78,33.20,,5.5,800,129,74,2024-01-12 07:02:00,2024-01-12 11:21:00,23,16.6,116,259,104,2,10,143,504,20,45,29
2024-01-11 01:19:54,2024-01-12 06:02:00,UTC-06:00,66,53,80,33.20,94.17,9.8,2409,139,71,2024-01-11 01:19:54,2024-01-11 08:27:41,90,16.2,365,427,204,78,83,62,407,29,85,44
2024-01-10 00:56:10,2024-01-11 01:19:54,UTC-06:00,86,52,85,33.60,96.45,8.4,2159,153,64,2024-01-10 00:56:10,2024-01-10 09:19:53,88,15.8,416,503,218,91,107,87,474,0,82,45
2024-01-09 00:46:20,2024-01-10 00:56:10,UTC-06:00,94,52,89,33.12,96.65,4.5,1910,114,63,2024-01-09 00:46:20,2024-01-09 12:29:54,100,15.8,599,703,339,131,129,104,514,36,85,45
2024-01-07 23:41:04,2024-01-09 00:46:20,UTC-06:00,58,54,67,33.31,97.63,7.5,2141,146,65,2024-01-07 23:41:04,2024-01-08 07:40:28,85,16.1,410,479,273,91,46,69,483,0,85,38
2024-01-06 01:31:17,2024-01-07 23:41:04,UTC-06:00,80,54,80,33.12,96.82,9.7,1911,140,81,2024-01-06 01:31:17,2024-01-06 10:35:23,100,15.6,485,544,284,82,119,59,486,0,89,
2024-01-04 19:08:25,2024-01-06 01:31:17,UTC-06:00,95,51,91,32.69,96.75,10.7,2787,150,64,2024-01-04 19:08:25,2024-01-05 07:55:23,100,16.2,583,766,355,124,104,183,509,37,76,
2024-01-03 00:00:00,2024-01-04 00:00:00,UTC-06:00,,,,,,,,,,,,,,,,,,,,,,,
2023-12-27 00:00:00,2023-12-28 00:00:00,UTC-06:00,,,,,,,,,,,,,,,,,,,,,,,
2023-12-26 00:00:00,2023-12-27 00:00:00,UTC-06:00,,,,,,,,,,,,,,,,,,,,,,,
2023-12-25 00:00:00,2023-12-26 00:00:00,UTC-06:00,,,,,,,,,,,,,,,,,,,,,,,
2023-12-24 00:00:00,2023-12-25 00:00:00,UTC-06:00,,,,,,4.0,488,122,66,,,,,,,,,,,,,,
2023-12-21 19:00:28,2023-12-22 19:00:28,UTC-06:00,,,,,,5.1,1647,134,73,,,,,,,,,,,,,,
2023-12-21 00:29:30,2023-12-21 19:00:28,UTC-06:00,59,55,78,33.24,96.67,5.8,1532,123,69,2023-12-21 00:29:30,2023-12-21 06:52:06,64,16.0,323,382,170,74,79,59,505,0,84,50
2023-12-19 19:00:28,2023-12-21 00:29:30,UTC-06:00,97,50,99,33.40,97.53,14.5,3308,161,69,2023-12-19 19:00:28,2023-12-20 07:14:39,100,16.7,515,734,206,144,165,219,506,31,72,47
2023-12-18 19:13:55,2023-12-19 19:00:28,UTC-06:00,59,54,73,33.50,97.11,4.3,1878,111,62,2023-12-18 19:13:55,2023-12-19 07:14:51,91,16.6,528,718,347,84,97,190,577,102,73,31
2023-12-18 01:19:23,2023-12-18 19:13:55,UTC-06:00,37,55,64,33.50,97.50,4.9,1208,130,71,2023-12-18 01:19:23,2023-12-18 07:14:06,58,16.3,284,354,219,44,21,70,489,0,80,48
2023-12-17 01:26:42,2023-12-18 01:19:23,UTC-06:00,45,59,65,33.60,97.06,11.5,2328,148,71,2023-12-17 01:26:42,2023-12-17 11:31:19,100,15.9,514,601,350,82,82,87,507,33,85,40
2023-12-15 23:13:04,2023-12-17 01:26:42,UTC-06:00,88,50,89,33.50,96.93,3.7,1326,113,67,2023-12-15 23:13:04,2023-12-16 07:46:18,87,15.9,432,513,234,97,101,79,498,23,84,69
2023-12-14 23:40:03,2023-12-15 23:13:04,UTC-06:00,77,57,83,33.60,97.21,4.6,1875,121,63,2023-12-14 23:40:03,2023-12-15 08:35:59,93,15.9,472,535,353,68,51,63,509,23,88,62
2023-12-14 00:07:01,2023-12-14 23:40:03,UTC-06:00,94,52,91,33.60,96.73,10.5,2264,155,66,2023-12-14 00:07:01,2023-12-14 07:16:15,92,16.1,390,429,205,77,108,39,427,70,91,40
2023-12-12 23:59:27,2023-12-14 00:07:01,UTC-06:00,57,57,68,33.73,95.68,4.9,1938,132,61,2023-12-12 23:59:27,2023-12-13 07:39:55,73,16.1,378,460,228,73,77,82,519,28,82,64
2023-12-11 22:04:16,2023-12-12 23:59:27,UTC-06:00,88,51,90,33.14,97.59,11.9,2588,154,69,2023-12-11 22:04:16,2023-12-12 08:12:29,91,16.0,462,608,335,74,53,146,506,30,76,47
2023-12-10 23:30:07,2023-12-11 22:04:16,UTC-06:00,77,53,81,33.60,95.56,4.8,1804,121,63,2023-12-10 23:30:07,2023-12-11 07:52:33,89,16.6,385,502,220,60,105,117,433,52,79,51
2023-12-10 02:21:14,2023-12-10 23:30:07,UTC-06:00,65,57,73,33.52,97.04,7.6,1842,162,67,2023-12-10 02:21:14,2023-12-10 09:37:11,79,16.5,392,435,232,86,74,43,498,0,90,
2023-12-09 00:46:30,2023-12-10 02:21:14,UTC-06:00,64,57,73,33.20,94.73,13.2,2713,162,72,2023-12-09 00:46:30,2023-12-09 10:56:56,100,16.2,537,608,279,120,138,71,529,0,88,
2023-12-08 00:00:00,2023-12-09 00:46:30,UTC-06:00,,,,,,12.1,1148,157,88,,,,,,,,,,,,,,
